dataset,n_frames,axis,value,pct_in_fov,pct_in_box,box_retention,box_retention_far,edge_retention
kitti,3,yaw,0.0,0.16827972634271202,1.0,1.0,1.0,1.0
kitti,3,yaw,0.5,0.16819876874356987,0.8849879878652941,0.8419446487561791,0.841869801076483,0.8129366723199486
kitti,3,yaw,1.0,0.1680470007968841,0.7767460737620473,0.6846837906612183,0.6720509635651912,0.7209170968033497
kitti,3,yaw,2.0,0.16776871973162474,0.5953092283715641,0.4692324568602167,0.47992568597560975,0.6503265566457112
kitti,3,yaw,3.0,0.1675507765679575,0.395792708399755,0.27450118364848264,0.3014578157934357,0.6055481101374367
nuscenes,80,yaw,0.0,0.08726873938445637,1.0,1.0,1.0,1.0
nuscenes,80,yaw,0.5,0.0872356785564328,0.899040747412003,0.783064497191574,0.8142427900332935,0.5969466296230812
nuscenes,80,yaw,1.0,0.08723716049867722,0.80274630808251,0.5962167274172282,0.6259330245357208,0.48817809497487713
nuscenes,80,yaw,2.0,0.08717850648094973,0.6369224783002949,0.3658903802935288,0.3924707926085228,0.37724329004530094
nuscenes,80,yaw,3.0,0.08712021552404074,0.5194459336168944,0.23995897827964158,0.2567365343376482,0.3270593405996992
