axis,value,frame_id,n_points,pct_in_fov,pct_in_box,box_retention,box_retention_near,box_retention_far,edge_retention,n_objects
yaw,0.0,scene-0103_000,34752,0.08586556169429098,1.0,1.0,nan,1.0,1.0,14
yaw,0.0,scene-0103_010,34720,0.08986175115207373,1.0,1.0,1.0,1.0,1.0,15
yaw,0.0,scene-0103_020,34752,0.08603821362799263,1.0,1.0,1.0,1.0,1.0,26
yaw,0.0,scene-1094_020,34720,0.08078917050691244,1.0,1.0,nan,1.0,1.0,10
yaw,0.0,scene-1094_030,34720,0.08914170506912443,1.0,1.0,1.0,1.0,1.0,4
yaw,0.5,scene-0103_000,34752,0.08552025782688766,0.697841726618705,0.6196395866038723,nan,0.5986855158730158,0.509375,14
yaw,0.5,scene-0103_010,34720,0.09003456221198157,0.8884297520661157,0.7265425995551743,0.0,0.7970983036290458,0.6088709677419355,15
yaw,0.5,scene-0103_020,34752,0.08580801104972376,0.9271604938271605,0.7970902353023621,0.9261083743842364,0.9066721132897605,0.68,26
yaw,0.5,scene-1094_020,34720,0.0804147465437788,0.8849557522123894,0.7681109920186105,nan,0.8531155182642596,0.5384615384615384,10
yaw,0.5,scene-1094_030,34720,0.08914170506912443,0.9050279329608939,0.8569613821138211,0.8861788617886179,0.7708333333333333,0.4981751824817518,4
yaw,1.0,scene-0103_000,34752,0.08514617863720074,0.4460431654676259,0.3785456276527705,nan,0.2914434523809524,0.415625,14
yaw,1.0,scene-0103_010,34720,0.09000576036866359,0.7857142857142857,0.5114482914872132,0.0,0.5691472168057069,0.46774193548387094,15
yaw,1.0,scene-0103_020,34752,0.08554903314917127,0.8654320987654321,0.634684593908234,0.8719211822660099,0.6107372747078629,0.5555555555555556,26
yaw,1.0,scene-1094_020,34720,0.08044354838709677,0.8097345132743363,0.5752614920609871,nan,0.744556318332062,0.4791666666666667,10
yaw,1.0,scene-1094_030,34720,0.08925691244239631,0.776536312849162,0.6834712543554007,0.7398373983739838,0.5208333333333334,0.38321167883211676,4
yaw,2.0,scene-0103_000,34752,0.0844267955801105,0.07194244604316546,0.049938949938949935,nan,0.0,0.29375,14
yaw,2.0,scene-0103_010,34720,0.09003456221198157,0.6217391304347826,0.30618461778286454,0.0,0.4264318563458417,0.2903225806451613,15
yaw,2.0,scene-0103_020,34752,0.0853188305709024,0.717283950617284,0.40650106987315154,0.7044334975369458,0.4322010959265861,0.4311111111111111,26
yaw,2.0,scene-1094_020,34720,0.08015552995391705,0.6194690265486725,0.40553479656370645,nan,0.4971315365708958,0.4567307692307692,10
yaw,2.0,scene-1094_030,34720,0.08925691244239631,0.5139664804469274,0.4292973286875726,0.45528455284552843,0.25,0.3448905109489051,4
yaw,3.0,scene-0103_000,34752,0.0838512891344383,0.007194244604316547,0.014285714285714287,nan,0.0,0.2625,14
yaw,3.0,scene-0103_010,34720,0.09023617511520737,0.484304932735426,0.19012983569309688,0.0,0.331120244309158,0.21370967741935484,15
yaw,3.0,scene-0103_020,34752,0.08517495395948435,0.5753086419753086,0.24237995670852758,0.5566502463054187,0.26191655113223744,0.3466666666666667,26
yaw,3.0,scene-1094_020,34720,0.07963709677419355,0.4469026548672566,0.2835950628486926,nan,0.33651072124756337,0.40384615384615385,10
yaw,3.0,scene-1094_030,34720,0.08914170506912443,0.3687150837988827,0.25744047619047616,0.3333333333333333,0.0625,0.33211678832116787,4
